generation,evaluated_individuals,min_fitness,max_fitness,avg_fitness,std_fitness
0,438,1.0748860800878053e-05,1.624966380002789e-05,1.3452574782357538e-05,1.0425237412918223e-06
1,445,1.1090804113540873e-05,1.678377730566577e-05,1.3489246229454812e-05,1.0863258158440353e-06
2,433,1.1090804113540873e-05,1.678377730566577e-05,1.349412415605845e-05,1.1224436569127634e-06
3,433,1.1120942137056106e-05,1.678377730566577e-05,1.3555056558362075e-05,1.1937553321283188e-06
4,446,1.1383478387478854e-05,1.7164771748938854e-05,1.3614152778370135e-05,1.2004798294243402e-06
